Name,Location,Type,Price
Enfield Crossfit,North London,Crossfit,110
WoodGreen Crossfit,North London,Crossfit,65
Puregym,South London,Commercial,20
East power gym,East London,Powerlifting,40
BodyBoys,West London,Bodybuilding,60
Croydon Crossfit,South London,Crossfit,100
GoGym,North London,Commercial,25
BodyPump,North London,Bodybuilding,60
EastLifers Gym,East London,Powerlifting,80
FitnessFirst,West London,Commercial,100
PimlicoPower,South London,Crossfit,50
XFitness,South London,Commercial,65
Vascular,East London,Bodybuilding,70
Iron,North London,Powerlifting,35
Zyzz,South London,Bodybuilding,120
Lambeth Crossfit,South London,Crossfit,95